"FW17 ‘GLITTER’ Off-the-Runway Viscontis Pants",600,"US 34 / EU 50","bottoms","Rick Owens"
"SS18 ‘DIRT’ Off-the-Runway Organza Trousers",625,"US 34 / EU 50","bottoms","Rick Owens"
"SS19 ‘BABEL’ RUNWAY TENDRIL MASK",1650,"ONE SIZE","accessories","Rick Owens"
"Handshake Printed Rayon Button-up",720,"US S / EU 44-46 / 1","tops","Yohji Yamamoto"
"SS20 ‘TECUATL’ Chalk/Clear/Pink Mega Bozo Boots",1125,"US 10 / EU 43","footwear","Rick Owens"
"Signature Flagship Longsleeve",84,"US L / EU 52-54 / 3","tops","Yohji Yamamoto"
"FW17 ‘GLITTER’ Neoprene Nun Cap",350,"ONE SIZE","accessories","Rick Owens"
"Heavy Wool Tucked Lapel Jacket",347,"US XS / EU 42 / 0","outerwear","Louis Vuitton"
"FW16 ‘MASTODON’ Pirarucu Jacket",5018,"US XS / EU 42 / 0","outerwear","Rick Owens"
"Blistered Lamb Wedges",191,"US 7 / EU 40","footwear","Rick Owens"
"SS17 ‘WALRUS’ Silk Blend Boner Shorts",213,"US 32 / EU 48","bottoms","Rick Owens"
"Whyred Patterned Button up shirt",57,"US L / EU 52-54 / 3","tops","Whyred"
"PRODUCT OF FEAR",28,"US XL / EU 56 / 4","tops","Other"
"Vintage Asics Track Suit",57,"US L / EU 52-54 / 3","outerwear","Asics × Vintage"
"P11 Trousers",224,"US 33","bottoms","Boris Bidjan Saberi"
"Off-the-Runway Hustler Vest",158,"US XS / EU 42 / 0","tops","Rick Owens"
"SS19 ‘BABEL’ Prism Bracelet",950,"ONE SIZE","accessories","Rick Owens"
"Runway Denim Split Tunic",184,"US M / EU 48-50 / 2","tops","Rick Owens"
"FW14 ‘MOODY’ RUNWAY CUTOUT LEATHER TUNIC",264,"US S / EU 44-46 / 1","tops","Rick Owens"
"SS20 ‘TECUATL’ Pyramid Parka",1822,"US L / EU 52-54 / 3","outerwear","Rick Owens"
"Blistered Calf Ramone Boots",382,"US 8 / EU 41","footwear","Rick Owens"
"FW15 ‘SPHINX’ LOOK 26 WORN ON THE RUNWAY DICK DRESS",1968,"US M / EU 48-50 / 2","tops","Rick Owens"
"FW16 ‘MASTODON’ Combo Off-the-Runway Sweater",327,"US XS / EU 42 / 0","tops","Rick Owens"
"SS20 ‘TECUATL’ Cashmere Pullover",437,"US M / EU 48-50 / 2","tops","Rick Owens"
"Blackened Sterling Crescent Bracelet",291,"ONE SIZE","accessories","Parts Of Four"
"FW12 ‘MOUNTAIN’ Flecked Alpaca Cardigan",418,"US XS / EU 42 / 0","tops","Rick Owens"
"SS18 ‘DIRT’ Off-the-Runway Top",473,"US XS / EU 42 / 0","tops","Rick Owens"
"FW16 ‘MASTODON’ Tulle Neck Combo Top",291,"US S / EU 44-46 / 1","tops","Rick Owens"
"SS16 ‘CYCLOPS’ Wool Sleeveless Mockneck",254,"US M / EU 48-50 / 2","tops","Rick Owens"
"Monogram Speedy Bag",505,"ONE SIZE","accessories","Louis Vuitton"
"Bucket Bag",692,"ONE SIZE","accessories","Rick Owens"
"Mesh-lined Barbell Blazer",473,"US XL / EU 56 / 4","outerwear","Boris Bidjan Saberi"
"Silver Textured Band",145,"ONE SIZE","accessories","Maison Margiela"
"FW15 ‘SPHINX’ Ponyhair Wallet",327,"ONE SIZE","accessories","Rick Owens"
"Chocolate Wedge",218,"US 5 / EU 37","footwear","Rick Owens"
"Amber Lens Mask",199,"ONE SIZE","accessories","Kuboraum"
"FW19 ‘LARRY’ Sunglasses in Dusk/Black",526,"ONE SIZE","accessories","Rick Owens"
"Black Waxed Padded Worker Jacket",526,"US M / EU 48-50 / 2","outerwear","Rick Owens × Rick Owens Drkshdw"
"FW06 ‘DUSTULATOR’ Tactical Flight Cargos",526,"US 30 / EU 46","bottoms","Rick Owens"
"Cuboid Ring",405,"ONE SIZE","accessories","Parts Of Four"
"Chasm Ring",405,"ONE SIZE","accessories","Parts Of Four"
"Dust Suede Bevel Kiss Boots",5400,"US 12 / EU 45","footwear","Rick Owens"
"FW19 ‘LARRY’ Larry Button Up",360,"US M / EU 48-50 / 2","tops","Rick Owens"
"FW19 ‘LARRY’ Bauhaus Cargo Shirt",382,"US M / EU 48-50 / 2","tops","Rick Owens"
"Marni Patch Buttonup",225,"US S / EU 44-46 / 1","tops","Marni"
"11bybbs Slacks",315,"US 33","bottoms","11 By Boris Bidjan Saberi × Boris Bidjan Saberi"
"FW08 DRKSHDW The Voluptuous Horror of Karen Black Tee",364,"US M / EU 48-50 / 2","tops","Rick Owens × Rick Owens Drkshdw"
"SS19 ‘BABEL’ Ponyhair Neck Wallet",486,"ONE SIZE","accessories","Rick Owens"
"Alligator Leather Zip-around Wallet",972,"ONE SIZE","accessories","Rick Owens"
"Braided Keychain",243,"ONE SIZE","accessories","Rick Owens"
"FW19 ‘LARRY’ Python Neck Wallet",675,"ONE SIZE","accessories","Rick Owens"
"FW12 ‘MOUNTAIN’ Mountain Collared Shirt",292,"US M / EU 48-50 / 2","tops","Rick Owens"
"Early Collection Face Print Tee",247,"US S / EU 44-46 / 1","tops","Rick Owens × Rick Owens Drkshdw"
"FW18 ‘SISYPHUS’ Branch Dress",405,"US XXS / EU 40","tops","Rick Owens"
"SS14 ‘VICIOUS’ Off-the-Runway Panelled Vest",360,"US XS / EU 42 / 0","outerwear","Rick Owens"
"FW15 ‘SPHINX’ Sequin Overcoat",450,"US XS / EU 42 / 0","tops","Rick Owens"
"Patchwork Jumbo Tee",315,"US L / EU 52-54 / 3","tops","Rick Owens"
"Jumbo Tee",225,"US L / EU 52-54 / 3","tops","Rick Owens × Rick Owens Drkshdw"
"Wide Chasm Bracelet",450,"ONE SIZE","accessories","Parts Of Four"
"Punchout Bracelet in Acid Silver",450,"ONE SIZE","accessories","Parts Of Four"
"Navajo Hair Accessory",200,"ONE SIZE","accessories","Valentino"
"Multicolour Nut Ring",250,"ONE SIZE","accessories","Maison Margiela"
"Silver Nut Ring",250,"ONE SIZE","accessories","Maison Margiela"
"Line 10 Detailess Blazer",850,"US L / EU 52-54 / 3","outerwear","Maison Margiela"
"SS17 ‘WALRUS’ Off-the-Runway Bulldozer Trousers",850,"US 32 / EU 48","bottoms","Rick Owens"
"SS18 ‘DIRT’ Wool Soultrains",500,"US 32 / EU 48","bottoms","Rick Owens"
"FW13 ‘PLINTH’ Ponyhair Geobaskets",800,"US 9.5 / EU 42-43","footwear","Rick Owens"
"Dirty Sterling Bridge Ring",500,"ONE SIZE","accessories","Parts Of Four"
"Blackened Sterling Crevice Ring",550,"ONE SIZE","accessories","Parts Of Four"
"Sample Peep-Toe Sabot Sock",950,"US 11 / EU 44","footwear","Rick Owens"
"Decarnin Era Team Tee",225,"US XS / EU 42 / 0","tops","Balmain"
"SS18 'DIRT' Cropped Embellished Blazer",1400,"US L / EU 52-54 / 3","outerwear","Rick Owens"
"SS10 ‘RELEASE’ Geo Jacket",750,"US L / EU 52-54 / 3","outerwear","Rick Owens"
"SS16 ‘CYCLOPS’ Hooked Geobaskets",750,"US 10 / EU 43","footwear","Rick Owens"
"SS19 ‘BABEL’ Off-the-Runway Rod Flight Jacket",1250,"US M / EU 48-50 / 2","outerwear","Rick Owens"
"Mainline Sock Ramones",750,"US 8 / EU 41","footwear","Rick Owens"
"FOUR HOLE BLACKENED STERLING SISTEMA BRACELET",800,"ONE SIZE","accessories","Parts Of Four"
"SS10 ‘RELEASE’ Washed Lamb Stooges",850,"US XS / EU 42 / 0","outerwear","Rick Owens"
"SS08 ‘CREATCH’ Knit V-neck Sweater",300,"US S / EU 44-46 / 1","tops","Rick Owens"
"FW16 ‘MASTODON’ Off-the-Runway Emotionless Sweater",650,"US XS / EU 42 / 0","tops","Rick Owens"
"YYPH RAYON BALLOON PANTS",650,"US 34 / EU 50","bottoms","Yohji Yamamoto"
"SS11 ‘ANTHEM’ Turbo Flight Bomber Jacket",1000,"US XS / EU 42 / 0","outerwear","Rick Owens"
"Padded Exploder Vest",350,"US M / EU 48-50 / 2","outerwear","Rick Owens × Rick Owens Drkshdw"
"Blackened Sterling Plate Necklace",650,"ONE SIZE","accessories","Parts Of Four"
"Black/Milk Geobaskets",650,"US 8 / EU 41","footwear","Rick Owens"
"FW15 ‘SPHINX’ Sequin Leather Gloves",850,"ONE SIZE","accessories","Rick Owens"
"Huge Half Sleeve Oversized Knit",350,"US XL / EU 56 / 4","tops","Dries Van Noten"
"MILK JUMBO TEE",200,"US L / EU 52-54 / 3","tops","Rick Owens × Rick Owens Drkshdw"
"SS20 ‘TECUATL’ Cropped Tatlin Blazer",1500,"US L / EU 52-54 / 3","outerwear","Rick Owens"
"FW16 ‘MASTODON’ Colourblocked Knit Fishtail Dress",700,"US XS / EU 42 / 0","tops","Rick Owens"
"Black Light Waxed Pillar Skirt",550,"US 34 / EU 50","bottoms","Rick Owens × Rick Owens Drkshdw"
"Patchwork Tote",150,"ONE SIZE","accessories","Rick Owens × Rick Owens Drkshdw"
"FW11 ‘LIMO’ Reverse Leather Spiral Zip Boot",1650,"US 9 / EU 42","footwear","Rick Owens"
"Draped Long Cardigan",575,"US M / EU 48-50 / 2","tops","Rick Owens"
"FW20 ‘PERFORMA’ Silk Button up w/ Patterned Back",800,"US L / EU 52-54 / 3","tops","Rick Owens"
"Geo-Panelled Felpa Crewneck",325,"US XS / EU 42 / 0","tops","Rick Owens × Rick Owens Drkshdw"
"2004 Line 0 Artisinal Raincoat Size 76",6500,"US XXL / EU 58 / 5","outerwear","Maison Margiela"
"FW11 ‘LIMO’ Cashmere Gloves",525,"ONE SIZE","accessories","Rick Owens"
"Mustard Suede Geothrashers",350,"US 8 / EU 41","footwear","Rick Owens"
"SS15 ‘FAUN’ Pearl Bomber Jacket",550,"US S / EU 44-46 / 1","outerwear","Rick Owens × Rick Owens Drkshdw"
"HUNROD Mink Beaver Pouch",2500,"ONE SIZE","accessories","Rick Owens"
"SS17 ‘WALRUS’ SSENSE Exclusive Horsehair Jacket",1000,"US M / EU 48-50 / 2","outerwear","Rick Owens"
"FW14 ‘MOODY’ Flight Bomber Jacket",675,"US M / EU 48-50 / 2","outerwear","Rick Owens"
"FW14 ‘MOODY’ Tubeway High-Neck Jacket",800,"US M / EU 48-50 / 2","outerwear","Rick Owens"
"Achilles Low",225,"US 11 / EU 44","footwear","Common Projects"
"Linen-Blend 3 Button Jacket",800,"US L / EU 52-54 / 3","outerwear","Haider Ackermann"
"FW18 ‘SISYPHUS’ Vintage Runners",375,"US 9 / EU 42","footwear","Rick Owens"
"SS14 ‘VICIOUS’ Laceless Ramones Boots",850,"US 9.5 / EU 42-43","footwear","Rick Owens"
"SS15 ‘FAUN’ Button-up Cardigan",450,"US S / EU 44-46 / 1","tops","Rick Owens"
"Tee Shirt Dress",450,"US S / EU 44-46 / 1","tops","Vetements"
"ASPHALT SHORTSLEEVE TEE",200,"US XS / EU 42 / 0","tops","Rick Owens × Rick Owens Drkshdw"
"FW14 ‘MOODY’ Cashmere Lined Bauhaus",1250,"US M / EU 48-50 / 2","outerwear","Rick Owens"
"Huge Blackened Spike Necklace",800,"ONE SIZE","accessories","Parts Of Four"
"Pearl Veja Hikers",275,"US 11 / EU 44","footwear","Rick Owens × Veja"
"Black Veja Hikers",350,"US 11 / EU 44","footwear","Rick Owens × Veja"
"Pearl Veja Hikers",350,"US 11 / EU 44","footwear","Rick Owens × Veja"
"Mesh Dylan Tee",300,"US XXL / EU 58 / 5","tops","Champion × Rick Owens"
"SS01 Artisinal Hunting Vest",2200,"US S / EU 44-46 / 1","tops","Maison Margiela"
"Patchwork Crewneck",450,"US S / EU 44-46 / 1","tops","Rick Owens × Rick Owens Drkshdw"
"Heels Graphic Tee",250,"US M / EU 48-50 / 2","tops","Rick Owens × Rick Owens Drkshdw"
"Thayaht Patch Tee",200,"US S / EU 44-46 / 1","tops","Rick Owens × Rick Owens Drkshdw"
"Runway Python Gloves",1350,"ONE SIZE","accessories","Rick Owens"
"Soft Pocket Blazer",1500,"US M / EU 48-50 / 2","outerwear","Rick Owens"
"BORIS GEOMETRIC BUTTON UP",250,"US XS / EU 42 / 0","tops","Boris Bidjan Saberi"
"Anorak Half-Button Up",300,"US M / EU 48-50 / 2","tops","Marni"
"FW18 ‘SISYPHUS’ Bull Leather Neck Wallet",350,"ONE SIZE","accessories","Rick Owens"
"Cropped Level Tee",300,"US L / EU 52-54 / 3","tops","Rick Owens × Rick Owens Drkshdw"
"SS19 ‘BABEL’ Tractor Creepers",2250,"US 10 / EU 43","footwear","Rick Owens"
"FW20 ‘PERFORMA’ Superkid Mohair Texting Gloves",450,"ONE SIZE","accessories","Rick Owens"
"SS19 ‘BABEL’ Calf Neck Wallet",400,"ONE SIZE","accessories","Rick Owens"
"FW14 ‘MOODY’ Runway Blood Durag",600,"ONE SIZE","accessories","Rick Owens"
"FW09 ‘CRUST’ Cashmere Sling Bag",800,"ONE SIZE","accessories","Rick Owens"
"A Clockwork Orange Hoodie",525,"US L / EU 52-54 / 3","tops","Undercover"
"Runway Butterfly Quilted Kimono Jacket",1000,"US M / EU 48-50 / 2","outerwear","Alexander McQueen"
"FW19 ‘LARRY’ Runway Black/Black Suede Patch Cargojoggers",1500,"US 36 / EU 52","bottoms","Rick Owens"
"FW19 ‘LARRY’ HUN Fat Bunny Bag",1500,"ONE SIZE","accessories","Rick Owens"
"SS19 ‘BABEL’ Pirarucu Neck Wallet",1250,"ONE SIZE","accessories","Rick Owens"
"FW19 ‘LARRY’ Runway Quilted Liner",1195,"US L / EU 52-54 / 3","outerwear","Rick Owens"
"FW19 ‘LARRY’ Sunglasses in Dusk/Black",650,"ONE SIZE","accessories","Rick Owens"
"SS14 ‘VICIOUS’ Heavy Wool Poncho",695,"US XL / EU 56 / 4","tops","Rick Owens"
"REVERSIBLE PUFFER JACKET",2624,"US XL / EU 56 / 4","outerwear","Canada Goose × Vetements"
"Triple Black Reverse Leather Cargobasket",1053,"US 10.5 / EU 43-44","footwear","Rick Owens"
